{"accuracy": [0.33074361085891724, 0.33296337723731995, 0.33296337723731995, 0.33296337723731995, 0.33296337723731995, 0.33296337723731995, 0.33296337723731995, 0.33296337723731995, 0.33296337723731995, 0.33296337723731995], "loss": [1.1031702756881714, 1.101247787475586, 1.1010932922363281, 1.1009970903396606, 1.1008877754211426, 1.1007646322250366, 1.1006752252578735, 1.1005984544754028, 1.1005247831344604, 1.1004416942596436], "val_accuracy": [0.3333333432674408, 0.3333333432674408, 0.3333333432674408, 0.3333333432674408, 0.3333333432674408, 0.3333333432674408, 0.3333333432674408, 0.3333333432674408, 0.3333333432674408, 0.3333333432674408], "val_loss": [1.1011892557144165, 1.101076602935791, 1.1009407043457031, 1.100829005241394, 1.100710391998291, 1.1006059646606445, 1.1005321741104126, 1.1004711389541626, 1.100394368171692, 1.1003276109695435]}